{"cameraMode":{"drawMode":0,"name":"Shaded","section":"Shading Mode"},"sceneLighting":true,"audioPlay":false,"sceneViewState":{"m_AlwaysRefresh":false,"showFog":true,"showSkybox":true,"showFlares":true,"showImageEffects":true,"showParticleSystems":true,"showVisualEffectGraphs":true,"m_FxEnabled":true},"in2DMode":false,"pivot":{"x":-1.0685433149337769,"y":3.9143073558807375,"z":-12.864632606506348},"rotation":{"x":0.0859966054558754,"y":-0.011375886388123036,"z":0.0009478520951233804,"w":0.9962116479873657},"size":19.341054916381837,"orthographic":false}