{"cameraMode":{"drawMode":0,"name":"Shaded","section":"Shading Mode"},"sceneLighting":true,"audioPlay":false,"sceneViewState":{"m_AlwaysRefresh":false,"showFog":true,"showSkybox":true,"showFlares":true,"showImageEffects":true,"showParticleSystems":true,"showVisualEffectGraphs":true,"m_FxEnabled":true},"in2DMode":false,"pivot":{"x":1.1290332078933716,"y":7.065139293670654,"z":-19.472633361816408},"rotation":{"x":0.12190797924995423,"y":-0.1321057230234146,"z":0.01634795404970646,"w":0.9835925698280335},"size":0.6613271236419678,"orthographic":false}